Block Index,Ref Block Index,Participant,Date,Score,Social Knowledge Building,Initial Text,Processed Text
0,,corina-forum,Thu Jan 01 11:45:06 EET 1970,0.0,0.0,Hello,.
1,,Mona-chat,Thu Jan 01 11:45:08 EET 1970,0.020486205831087435,0.0,Hello Corina!. Hello Diana!. Hello Christi!,corina. diana. christi.
2,,diana-wiki,Thu Jan 01 11:45:37 EET 1970,0.0,0.0,Hello :),.
3,1,cristi-wave,Thu Jan 01 11:46:08 EET 1970,0.0,0.0,Hello,.
4,,stefan-blog,Thu Jan 01 11:46:38 EET 1970,0.0,0.0,Hello,.
5,4,Mona-chat,Thu Jan 01 11:46:45 EET 1970,5.547613745541752,0.0,Hello Stefan!. So.... everybody is here..... First of all I think we should talk a little about the workflow of our conversion. What kind of company are we?,stefan. . . think talk little workflow conversion. kind company.
6,5,cristi-wave,Thu Jan 01 11:48:16 EET 1970,2.4562566228916602,1.5182060303438172,We are supposed to be in company right ? . *a,suppose company right. .
7,6,corina-forum,Thu Jan 01 11:48:34 EET 1970,2.5609607455924928,2.75953866732734,I think so,think.
8,5,Mona-chat,Thu Jan 01 11:48:59 EET 1970,3.082926074177643,2.566740376683952,I was thinking of something related to IT,think relate.
9,5,stefan-blog,Thu Jan 01 11:49:04 EET 1970,1.7880543629780121,0.3899891736964625,We have to implement a communication solution,implement communication solution.
10,5,diana-wiki,Thu Jan 01 11:49:25 EET 1970,4.2119728924775,8.354460158357233,I don't think this is very important,think important.
11,10,stefan-blog,Thu Jan 01 11:49:35 EET 1970,1.3928407482229554,0.2836569856736721,I agree,agree.
12,9,corina-forum,Thu Jan 01 11:49:45 EET 1970,2.74524504545892,2.1859808633008133,So we don't need a company...,need company.
13,,diana-wiki,Thu Jan 01 11:49:49 EET 1970,1.0505532858481132,0.15219428520455527,Maybe it should be in general,maybe general.
14,13,Mona-chat,Thu Jan 01 11:49:56 EET 1970,1.184387259684958,1.6543880692028303,OK.... so we are just a company....,okay. company.
15,14,diana-wiki,Thu Jan 01 11:50:30 EET 1970,4.008467422688881,0.6952303915948587, and we have to decide which of the 5 concepts are better for us,decide concept good.
16,15,cristi-wave,Thu Jan 01 11:50:56 EET 1970,0.9849200639219454,0.2193028700919526,Right,right.
17,15,Mona-chat,Thu Jan 01 11:50:58 EET 1970,8.932055393132599,18.412219476383303,Let's think OD some activities... and then decide which technology is better,let think od activity decide technology good.
18,,stefan-blog,Thu Jan 01 11:51:12 EET 1970,4.036345527064466,13.023338808501016,As we previously disclosed I think a combination of them should be perfect,previously disclose think combination perfect.
19,18,diana-wiki,Thu Jan 01 11:51:31 EET 1970,4.036155666604717,13.05018303011003,OK...but let's think again,okay let think.
20,18,diana-wiki,Thu Jan 01 11:51:39 EET 1970,1.0949817911453539,2.6966373487276245,We are a company now :),company.
21,18,Mona-chat,Thu Jan 01 11:52:02 EET 1970,5.864464047364722,9.733010227073349,Of course... we will be using all the 5 technologies.... but first we have to think of some activities...,course use technology. think activity.
22,18,corina-forum,Thu Jan 01 11:52:36 EET 1970,1.0931576682861877,0.26523881540032873,It depends...,depend.
23,,stefan-blog,Thu Jan 01 11:52:43 EET 1970,5.303773961174445,22.84577937793217,I think we should have a server which has support and logging for all kinds of concepts,think server support log kind concept.
24,21,diana-wiki,Thu Jan 01 11:52:54 EET 1970,7.058555000996138,25.638033453962088,I think that is very important to be good at what we are doing so first we should be well-informed,think important good.
25,21,cristi-wave,Thu Jan 01 11:53:10 EET 1970,7.504804477202317,27.024950625138896,Yes...we should think of some activities ... like a board meeting where some of us can't be there ...what tech should I use ?,think activity board meet tech use.
26,,stefan-blog,Thu Jan 01 11:53:19 EET 1970,3.502045007743122,1.3409719731143293,For example if an employee has a great solution he should blog it,example employee great solution blog.
27,25,Mona-chat,Thu Jan 01 11:53:46 EET 1970,8.413617282994784,39.11912597997273,I think chat is the best solution for a board meeting,think chat good solution board meet.
28,26,corina-forum,Thu Jan 01 11:53:56 EET 1970,4.099876288150772,12.997033161537685,Or if we are searching for a solution we should make a topic about it on the forum :P,search solution make topic forum.
29,26,diana-wiki,Thu Jan 01 11:53:57 EET 1970,2.1835709637937457,0.6777143833041722,True or we can edit a page on Wikipedia,true edit page wikipedia.
30,27,stefan-blog,Thu Jan 01 11:54:09 EET 1970,0.5277565013985505,0.06608056880885699,And if it is a “public” one should be logged,public log.
31,27,stefan-blog,Thu Jan 01 11:54:29 EET 1970,2.2317664984619503,0.868261834389237,if it is important it should be private. Or visible to the board,important private. visible board.
32,31,corina-forum,Thu Jan 01 11:54:53 EET 1970,2.0685278976177166,0.868431900082088,Then the forum is the solution! Some topics are private.,forum solution. topic private.
33,32,stefan-blog,Thu Jan 01 11:55:27 EET 1970,3.903330271557091,0.8833600267926806,Yes. But forum should be updated real time. By itself,. forum update real time. .
34,33,corina-forum,Thu Jan 01 11:55:45 EET 1970,3.352898385434629,16.321371175359083,And you think blog is the solution then?,think blog solution.
35,32,diana-wiki,Thu Jan 01 11:55:46 EET 1970,3.5121066846449462,8.841406337732128,But you can't be sure that the solutions are correct because they are written by a single person,sure solution correct write single person.
36,27,cristi-wave,Thu Jan 01 11:55:57 EET 1970,2.5526888184428502,0.7383717495647865,Wave has a presentation template where video chat is included .with multiple features,wave presentation template video chat include. multiple feature.
37,32,Mona-chat,Thu Jan 01 11:56:04 EET 1970,11.179692810897913,54.95525739709653,I think forum is the best solution for answering questions coming from our customers,think forum good solution answer question come customer.
38,35,corina-forum,Thu Jan 01 11:56:06 EET 1970,0.6818069106507916,0.1171870118348368,It's a forum you can reply...,forum reply.
39,36,diana-wiki,Thu Jan 01 11:56:21 EET 1970,6.142378485847556,13.146149419357718,This sound really good for a board meeting,sound really good board meet.
40,37,cristi-wave,Thu Jan 01 11:56:33 EET 1970,2.683019165671016,1.2672688922970772,Not if our customer require a fast response,customer require fast response.
41,36,stefan-blog,Thu Jan 01 11:56:48 EET 1970,8.811437365067233,46.83322230430417,I think a video chat isn't so good because you can't see previous statements,think video chat good see previous statement.
42,41,diana-wiki,Thu Jan 01 11:57:05 EET 1970,3.240862494196045,1.1990441554498865,But it is really important when someone is missing,really important miss.
43,36,corina-forum,Thu Jan 01 11:57:21 EET 1970,4.939955413282811,19.328191187629905,I think video chat is awesome for a meeting,think video chat awesome meet.
44,41,corina-forum,Thu Jan 01 11:57:40 EET 1970,2.7363865910646963,1.5026344698301937,Do you need previous statements?,need previous statement.
45,41,diana-wiki,Thu Jan 01 11:57:43 EET 1970,3.8015912246269634,13.847266354325956,I don't think that there is something that can replace a video chat,think replace video chat.
46,43,Mona-chat,Thu Jan 01 11:57:47 EET 1970,2.934842773700217,6.791084618634468,Yes.... I am also for video chat. It's the closest thing to a face-to-face meeting,. video chat. close thing meet.
47,46,cristi-wave,Thu Jan 01 11:58:31 EET 1970,6.621730385213955,11.035802480157447,A video chat with possibility to draw in real time some charts for example ... here wave is very helpful,video chat possibility draw real time chart example wave helpful.
48,47,corina-forum,Thu Jan 01 11:59:27 EET 1970,6.472837235391717,18.187616167636584,I agree.for meetings using wave it's the best solution,meeting use wave good solution.
49,48,Mona-chat,Thu Jan 01 11:59:43 EET 1970,5.2797303567923155,18.931811024933964,And if you do not have a good internet connection classic chat could also be a solution...,good internet connection classic chat solution.
50,49,cristi-wave,Thu Jan 01 12:00:11 EET 1970,3.21375816780339,1.0552834106876343,Agree...video chat requires some bandwidth,agree video chat require bandwidth.
51,47,diana-wiki,Thu Jan 01 12:00:37 EET 1970,5.813934525417218,12.379218198915574,OK...but what about information what do you think it is the most reliable source of information?,okay information think reliable source information.
52,,Mona-chat,Thu Jan 01 12:00:39 EET 1970,8.239972822590387,31.317736680002735,Chat is fast simple to use and it does not require such a good internet connection,chat fast simple use require good internet connection.
53,47,stefan-blog,Thu Jan 01 12:00:42 EET 1970,4.117786157558442,15.94496100386704,if it is an inside network I don't think this should be a problem,network think problem.
54,49,corina-forum,Thu Jan 01 12:00:54 EET 1970,5.6636850572102375,19.644257791478495,Well depends on the type of the meeting...,good depend type meet.
55,53,Mona-chat,Thu Jan 01 12:01:05 EET 1970,1.8045176632114595,0.870451767227582,What do you mean by inside network?. In the same building?,mean network. build.
56,55,stefan-blog,Thu Jan 01 12:01:24 EET 1970,0.03711342590785749,1.3535854817394122E-4,LAN,lan.
57,56,cristi-wave,Thu Jan 01 12:01:29 EET 1970,1.6431405771653154,0.8836370118937248,Nowadays a fast internet connection is everywhere :),nowadays fast internet connection.
58,,stefan-blog,Thu Jan 01 12:01:32 EET 1970,0.0,0.0,Or VPN,.
59,57,Mona-chat,Thu Jan 01 12:02:06 EET 1970,11.389410331381445,46.41130694908461,True.... internet connection is not really a problem nowadays....  so we all agree that video chat is the best solution for a “virtual” meeting,true. internet connection really problem nowadays agree video chat good solution virtual meet.
60,59,cristi-wave,Thu Jan 01 12:02:59 EET 1970,0.28263756134176626,0.04967245678835123,Undoubtedly,undoubtedly.
61,59,corina-forum,Thu Jan 01 12:03:09 EET 1970,0.0,0.0,Yes!,.
62,59,Mona-chat,Thu Jan 01 12:03:25 EET 1970,1.5942572570233982,0.0,So.... one activity solved....,. activity solve.
63,58,stefan-blog,Thu Jan 01 12:03:30 EET 1970,1.5917455666364477,0.0,OK so for meetings we have video chat,meeting video chat.
64,51,corina-forum,Thu Jan 01 12:03:37 EET 1970,7.678096016152715,22.594051402262863,Well last time we agreed that wiki is the most reliable source.... :),good time agree wiki reliable source.
65,64,Mona-chat,Thu Jan 01 12:04:19 EET 1970,6.0107286536902365,16.207887610617153,I think wiki would be perfect for project specification.... Or simply describing the workflow of an activity,think wiki perfect project specification. simply describe workflow activity.
66,65,diana-wiki,Thu Jan 01 12:05:01 EET 1970,4.324064408050229,2.010703806199962,Agree it is written and edited by more than one person so you can have an objective opinion,agree write edit person objective opinion.
67,65,cristi-wave,Thu Jan 01 12:05:11 EET 1970,1.2095560429651444,0.407043386652626,True .... wiki = how to,true. wiki.
68,65,corina-forum,Thu Jan 01 12:05:16 EET 1970,3.907294438016001,4.332250251966155,Yes.well at the beginning of a project we must use wiki for research...,begin project use wiki research.
69,65,stefan-blog,Thu Jan 01 12:05:17 EET 1970,8.203039680424274,44.499416518767205,I don't think wiki is good for project specification unless it has restricted access,think wiki good project specification restrict access.
70,69,cristi-wave,Thu Jan 01 12:05:44 EET 1970,2.146132732954735,0.8927713277764344,Not if the project is an open source ;),project open source.
71,69,stefan-blog,Thu Jan 01 12:05:52 EET 1970,2.739021937213761,0.0,The document should be updated only by project managers,document update project manager.
72,70,cristi-wave,Thu Jan 01 12:05:57 EET 1970,0.0,0.0,One,.
73,72,stefan-blog,Thu Jan 01 12:06:22 EET 1970,0.0,0.0,One what?,.
74,71,Mona-chat,Thu Jan 01 12:06:34 EET 1970,4.589917903496614,6.081254187202847,I don't think the project manager should be the only one to modify it,think project manager modify.
75,73,cristi-wave,Thu Jan 01 12:06:42 EET 1970,0.7567711877928475,0.0,It was the end for my sentence above :),end sentence.
76,74,stefan-blog,Thu Jan 01 12:06:49 EET 1970,0.0,0.0,Why?,.
77,71,corina-forum,Thu Jan 01 12:07:26 EET 1970,6.645644212042198,9.611212590868094,I agree...but the others can have an opinion.so they can use a forum to discuss to make a poll ...,agree use forum discuss make poll.
78,76,Mona-chat,Thu Jan 01 12:08:10 EET 1970,4.463545087033212,5.096214581025831,Every employee or group of employees could write and describe their activities,employee group employee write describe activity.
79,,stefan-blog,Thu Jan 01 12:08:20 EET 1970,4.801433733868635,3.5597158333391796,Is fixed. If the customer wants something we can't say what he/se wants,fix. customer want say want.
80,,Mona-chat,Thu Jan 01 12:08:22 EET 1970,7.304465801466167,23.517488806418942,Every employee could describe his/her activities... and this way everyone will know how the project is going,employee describe activity way know project go.
81,80,diana-wiki,Thu Jan 01 12:08:54 EET 1970,2.988870671420307,6.484185377913535,Yes and everyone could express their ideas about the project,express idea project.
82,80,corina-forum,Thu Jan 01 12:09:00 EET 1970,2.451887378934046,4.339482654255083,True.but the official document must be done by the project manager...,official document project manager.
83,81,Mona-chat,Thu Jan 01 12:09:09 EET 1970,1.1780650703523992,0.3940995647501811,Or come with suggestions,come suggestion.
84,82,stefan-blog,Thu Jan 01 12:09:23 EET 1970,3.0445626710911777,5.899705569833179,That's why I think it should be a restricted wiki or a blog,think restrict wiki blog.
85,82,Mona-chat,Thu Jan 01 12:09:39 EET 1970,2.6258683430817684,0.6832513880930565,Yes.... but such a wiki page would be a great starting point,. wiki page great start point.
86,83,stefan-blog,Thu Jan 01 12:09:40 EET 1970,0.5230990398250329,0.13049831484945784,Comments on blog,comment blog.
87,82,diana-wiki,Thu Jan 01 12:09:41 EET 1970,10.97744691602924,42.520030005030435,Of course but it is very important to have as many ideas as possible;e. And I think forum is suitable for this kind of activity,course important idea possible think forum suitable kind activity.
88,84,Mona-chat,Thu Jan 01 12:10:01 EET 1970,2.85084926182657,2.4107271749037675,I agree the access to the wiki page should be restricted,agree access wiki page restrict.
89,84,corina-forum,Thu Jan 01 12:10:05 EET 1970,5.840251649479165,11.56697631242338,Well blog can be used for history...and in the blog everyone can write what they are doing...,good blog use history blog write.
90,87,stefan-blog,Thu Jan 01 12:10:13 EET 1970,4.588953316851806,11.68736145279901,For projects specification I think a blog is enough. Posts and comments,project specification think blog. post comment.
91,90,cristi-wave,Thu Jan 01 12:10:34 EET 1970,1.8853885020811696,0.7589454223153755,For small projects .yes,small project. yes.
92,87,Mona-chat,Thu Jan 01 12:11:15 EET 1970,12.974051403386268,43.817307194046975,Speaking OD ideas I was thinking of a web page that has also a chat system incorporated... and this way customers or potential customers could talk directly to our employees,speak od idea think web page chat system incorporate way customer potential customer talk directly employee.
93,91,stefan-blog,Thu Jan 01 12:11:18 EET 1970,0.4731980461781621,0.11519545001802194,Why not for big ones?,big.
94,90,cristi-wave,Thu Jan 01 12:11:22 EET 1970,5.62264770069346,8.767866850847202,But for a large one ... use cases lots of PDF files ... probably wiki,large use case lot pdf file probably.
95,94,stefan-blog,Thu Jan 01 12:11:46 EET 1970,3.752268489181687,7.053276670492001,For projects yes for specification blogs. And the blog should have a link to the wiki related to the project,project yes specification blogs. blog link wiki relate project.
96,92,corina-forum,Thu Jan 01 12:12:29 EET 1970,7.461724321088518,22.03010160620254,It is a good idea if an employee is online all the time,good idea employee online time.
97,92,diana-wiki,Thu Jan 01 12:12:46 EET 1970,4.9875715573190185,10.147623254611624,Sounds good and after that we could save the answers and post them,sound good answer post.
98,92,corina-forum,Thu Jan 01 12:13:00 EET 1970,2.572674118985365,2.7353662438858057,otherwise they should use the forum,use forum.
99,97,diana-wiki,Thu Jan 01 12:13:15 EET 1970,3.410502291234661,0.0,So in case someone has the same problem they could solve it faster,case problem solve fast.
100,93,stefan-blog,Thu Jan 01 12:16:01 EET 1970,3.4456969179015573,0.0,Don't forget that a project has contact with the client only in the begging and in the end,forget project contact client beg end.
101,100,diana-wiki,Thu Jan 01 12:16:37 EET 1970,2.6185929784515585,1.0571166638809133,Not really we should offer assistance. And training,really offer assistance. train.
102,101,stefan-blog,Thu Jan 01 12:17:07 EET 1970,1.2418992113955862,1.7877505584746287,after the project is done,project.
103,100,corina-forum,Thu Jan 01 12:17:36 EET 1970,6.97294326876577,30.931982115288605,Well the client must know the progress of a projectno?,good client know progress project.
104,102,diana-wiki,Thu Jan 01 12:17:47 EET 1970,3.1967400404158433,5.152731992618476,And also during the project in case some major difficulties,project case major difficulty.
105,104,stefan-blog,Thu Jan 01 12:18:14 EET 1970,1.3928407482229554,0.9831674809862988,I agree,agree.
106,102,diana-wiki,Thu Jan 01 12:18:30 EET 1970,5.504042638328234,5.175193710516181,Maybe a major change must be done so we must stay in touch with our clients during the whole project,maybe major change stay touch client whole project.
107,,corina-forum,Thu Jan 01 12:18:43 EET 1970,4.218670942687327,6.398740474297354,OK guys we are taking a small break now! Keep your ideas please!,okay guy take small break. keep idea.
108,105,cristi-wave,Thu Jan 01 12:18:46 EET 1970,3.48040171287123,6.028265715645473,Yes...sometime the client wants to be in touch with all the stages,client want touch stage.
109,,corina-forum,Thu Jan 01 12:19:17 EET 1970,1.6061701329156426,0.6734972326483359,Mona is out because of her Internet connection! So let's wait for her!,mona internet connection. let wait.
110,,diana-wiki,Thu Jan 01 12:19:32 EET 1970,0.5114696643851996,0.12028468948813899,OK :),okay.
111,,stefan-blog,Thu Jan 01 12:19:50 EET 1970,0.5114696643851996,0.5114696643851996,OK,okay.
112,,Mona-chat,Thu Jan 01 12:24:17 EET 1970,0.3667580198254884,0.1778655963440437,Sorry guys....,sorry guy.
113,,stefan-blog,Thu Jan 01 12:24:32 EET 1970,1.1833086699339102,1.5876469357032288,No problem,problem.
114,112,corina-forum,Thu Jan 01 12:24:46 EET 1970,1.850329040112947,0.5270681185905081,It's OK to continue this chat like this? Or we should start another one?,okay continue chat. start.
115,112,Mona-chat,Thu Jan 01 12:24:58 EET 1970,2.773181033339207,0.0,We were talking about reliable internet connections...,talk reliable internet connection.
116,,stefan-blog,Thu Jan 01 12:25:05 EET 1970,5.520681477773561,5.696680888206763,I think we should wait until your first nickname automatic disconnects. 5 min I think is enough,think wait nickname automatic disconnect. min think.
117,116,Mona-chat,Thu Jan 01 12:25:36 EET 1970,5.735112849528608,11.341619097859038,I talked to Train and it's OK... I'll continue using this new nickname,talk train okay continue use new nickname.
118,116,cristi-wave,Thu Jan 01 12:25:39 EET 1970,3.207198140703662,2.1642313495254992,I don't think is going to happen :),think go happen.
119,,stefan-blog,Thu Jan 01 12:25:46 EET 1970,0.5114696643851996,0.6327164971550833,OK,okay.
120,116,corina-forum,Thu Jan 01 12:25:59 EET 1970,0.352627006942497,0.03724324819401775,It is a bug in the program :p,bug program.
121,,stefan-blog,Thu Jan 01 12:26:06 EET 1970,0.1025892995937342,0.002176905088262492,Kill it:P,kill.
122,117,corina-forum,Thu Jan 01 12:26:14 EET 1970,0.7418044586694033,0.1493967601886939,OK! Perfect,. perfect.
123,120,cristi-wave,Thu Jan 01 12:26:21 EET 1970,0.693636263917111,0.08957667377295205,Yes...chat is sometimes unreliable,chat unreliable.
124,,Mona-chat,Thu Jan 01 12:26:51 EET 1970,2.751897918471101,0.6568327957657051,OK.... so what we were talking about before the connection issue?,okay. talk connection issue.
125,123,Mona-chat,Thu Jan 01 12:27:40 EET 1970,2.339629557273601,0.35242809999897623,as long as it depends on an internet connection...,long depend internet connection.
126,124,cristi-wave,Thu Jan 01 12:27:40 EET 1970,1.6266590789039534,0.5399386239196106,Meeting board,meet board.
127,124,corina-forum,Thu Jan 01 12:27:48 EET 1970,8.90463102860859,8.649859102335856,About different stages of a project... a client must know about them.so wiki is a good solution,different stage project client know wiki good solution.
128,126,corina-forum,Thu Jan 01 12:28:04 EET 1970,1.1991106818367399,0.9058067679031163,Meeting?,meet.
129,127,stefan-blog,Thu Jan 01 12:28:05 EET 1970,0.5114696643851996,0.5566777540599224,OK,okay.
130,,corina-forum,Thu Jan 01 12:29:12 EET 1970,9.402196262676677,0.8939691434445206, so we agree that wiki is a good solution when we want to present a product/the evolution of a project to a client ?,agree wiki good solution want present evolution project client.
131,,diana-wiki,Thu Jan 01 12:29:21 EET 1970,3.3616933926046997,3.280788150068209,What about selling our products.what technologies we should use for this?,sell technology use.
132,130,stefan-blog,Thu Jan 01 12:29:49 EET 1970,0.0,0.0,Yes,.
133,131,stefan-blog,Thu Jan 01 12:30:15 EET 1970,1.0718594498187533,0.11171366631257222,Voice chat,voice chat.
134,130,diana-wiki,Thu Jan 01 12:30:17 EET 1970,7.541419845449301,11.888221060180735,Yes and we can also use chats in order to stay in touch and offer help to our customers,use chat order stay touch offer help customer.
135,133,diana-wiki,Thu Jan 01 12:30:45 EET 1970,2.224215417756474,0.27887412264240197,I meant something like advertising,mean advertise.
136,135,stefan-blog,Thu Jan 01 12:30:54 EET 1970,0.0,0.0,Spam :P,spam.
137,,corina-forum,Thu Jan 01 12:30:56 EET 1970,4.286870313463597,2.9472859106061886,Guys.we stop here I think!. Keep your ideas! :P,stop think. keep idea. .
138,127,Mona-chat,Thu Jan 01 12:31:40 EET 1970,11.915030856814758,30.17144935803505,Yes.... and I was also saying that a chat system that would allow us to talk directly to our clients would also be a good idea. I think the connection is up and running again.,. say chat system allow talk directly client good idea. think connection run.
139,138,corina-forum,Thu Jan 01 12:32:28 EET 1970,0.7418044586694033,0.15910743487693396,Perfect,perfect.
140,131,corina-forum,Thu Jan 01 12:32:55 EET 1970,5.241103182031317,8.221381866173504,To sell our products blog is the best solution,sell product blog good solution.
141,140,diana-wiki,Thu Jan 01 12:33:07 EET 1970,0.0,0.0,Why. ?,.
142,140,Mona-chat,Thu Jan 01 12:34:07 EET 1970,5.939758220762741,22.180534010632513,A blog would be a good way to advertise our products,blog good way advertise product.
143,140,cristi-wave,Thu Jan 01 12:34:08 EET 1970,1.3928407482229554,0.2963947161471481,Agree,agree.
144,141,stefan-blog,Thu Jan 01 12:35:09 EET 1970,0.312366827861142,0.0,because it has reviews. And you can rate it,review. rate.
145,141,corina-forum,Thu Jan 01 12:35:19 EET 1970,10.583199987193039,33.33187160500958,Well on a blog you can put questions about the product...and usually the blog is used in this kind of things,good blog put question product usually blog use kind thing.
146,145,diana-wiki,Thu Jan 01 12:36:07 EET 1970,6.1152001223264225,25.722768228394976,But maybe a post on a forum would be also a good idea,maybe post forum good idea.
147,146,cristi-wave,Thu Jan 01 12:36:11 EET 1970,4.371485530377828,11.283304664508883,I saw a lot of blogs for selling stuff ... I agree,see lot blogs sell stuff agree.
148,145,Mona-chat,Thu Jan 01 12:36:23 EET 1970,6.3990913113196735,19.234868356809315,A blog would also be useful for describing our latest products in order to convince the potential customers to buy,blog useful describe late product order convince potential customer buy.
149,148,cristi-wave,Thu Jan 01 12:36:50 EET 1970,1.7199255041662513,0.7384099107131912,And posting some images for example,post image example.
150,146,corina-forum,Thu Jan 01 12:37:22 EET 1970,7.106455748761322,25.96896420568578,The forum is used to find more about something...for promotion blog is the best solution in my opinion.,forum use promotion blog good solution opinion.
151,148,stefan-blog,Thu Jan 01 12:37:26 EET 1970,0.5047353430387342,0.09388951311974535,And videos,video.
152,146,Mona-chat,Thu Jan 01 12:37:32 EET 1970,5.809365971623946,15.269941979080038,A forum would be useful for offering solutions to some problems that our customers have,forum useful offer solution problem customer.
153,152,corina-forum,Thu Jan 01 12:38:35 EET 1970,4.220345748005082,4.60098612546127,I agree...also other people can offer solutions not only us,agree people offer solution.
154,152,diana-wiki,Thu Jan 01 12:39:00 EET 1970,9.799612339888798,56.46031140518523,Agree but I meant that maybe we can discover that someone has a problem and post it on a forum and we can post back to offer our product as solution,agree mean maybe discover problem post forum post back offer product solution.
155,153,Mona-chat,Thu Jan 01 12:39:09 EET 1970,6.432386007145521,18.41985376238563,And chat would also be great... as customers could have real-time feedback from the developers of the products they are using,chat great customer feedback developer product use.
156,152,corina-forum,Thu Jan 01 12:39:10 EET 1970,3.632639223897019,10.903954735843602, or we can make a poll to find out what our customers will like to buy,make poll customer buy.
157,156,diana-wiki,Thu Jan 01 12:40:15 EET 1970,3.100677739504013,11.020410576637232,What about new customers? What should we use for attracting them?,new customer. use attract.
158,156,cristi-wave,Thu Jan 01 12:40:24 EET 1970,5.039889019578441,33.50053482364332,For selling the best solution is something like eBay  but this is not our topic now,sell good solution ebay topic.
159,155,corina-forum,Thu Jan 01 12:40:33 EET 1970,3.591620967750063,4.4656525994902445,True .but for using a chat the developers must be online.so if they are not online....,true. use chat developer online.
160,155,Mona-chat,Thu Jan 01 12:40:41 EET 1970,9.496719875086752,26.796936701539387,From time to time we could also organize chats with customers and employees and ask for new ideas....,time time organize chat customer employee ask new idea.
161,158,corina-forum,Thu Jan 01 12:40:49 EET 1970,4.8142434258618625,15.218619781998447,And in this case the best solution is a blog,case good solution blog.
162,160,corina-forum,Thu Jan 01 12:41:22 EET 1970,2.373371745979537,3.5396573367611657,This is a great idea!,great idea.
163,159,Mona-chat,Thu Jan 01 12:41:38 EET 1970,6.720595498845995,10.188807592302968,If we are truly caring about or customers we could have special employees just for this kind of activity,truly care customer special employee kind activity.
164,157,corina-forum,Thu Jan 01 12:41:50 EET 1970,6.889334517802199,19.24923751041105,Well is also about promoting/selling our image...so blog is the best solution,good image blog good solution.
165,163,corina-forum,Thu Jan 01 12:42:33 EET 1970,4.132423021173587,4.10007231915923,Yes.but if they need more details? Chat is OK for small problems,need detail. chat okay small problem.
166,165,cristi-wave,Thu Jan 01 12:43:14 EET 1970,3.391749653601769,10.76842611844754,Good point,good point.
167,165,diana-wiki,Thu Jan 01 12:43:31 EET 1970,2.7577570028682956,1.0675994823969255,You can select some participants at the chat at have a real conversation with them,select participant chat real conversation.
168,165,Mona-chat,Thu Jan 01 12:44:44 EET 1970,7.793017475421996,33.09082799686483,if there is someone that can answer customers' questions I don't think the complexity of the solution is an issue,answer customer question think complexity solution issue.
169,167,corina-forum,Thu Jan 01 12:45:12 EET 1970,8.054071714740818,7.413136685473633,Sometimes we need a bigger answer s a post on a forum is OK.on a chat we use small sentences,need big answer post forum chat use small sentence.
170,168,Mona-chat,Thu Jan 01 12:45:21 EET 1970,4.962384986404604,0.0,A qualified person and answers to all kinds of questions...,qualify person answer kind question.
171,167,cristi-wave,Thu Jan 01 12:45:32 EET 1970,2.8420796865811027,0.905202933404213,At least a voice chat ... I have not heard so far about selling something just chatting :),voice chat hear far sell chat.
172,169,Mona-chat,Thu Jan 01 12:45:53 EET 1970,2.9091674962815097,3.1091456495397605,True... a forum could also be useful,true forum useful.
173,171,corina-forum,Thu Jan 01 12:46:22 EET 1970,6.7521697859062035,10.061442960938928,True a voice chat it would be awesome...so in this case using wave is the solution?,true voice chat awesome case use wave solution.
174,172,Mona-chat,Thu Jan 01 12:46:32 EET 1970,5.9941385744127444,20.925043604495592,And this way the solutions to all kinds of problems will be there for others to see as well,way solution kind problem see.
175,173,cristi-wave,Thu Jan 01 12:46:55 EET 1970,2.5609607455924928,1.8394094927548923,I think so,think.
176,175,Mona-chat,Thu Jan 01 12:47:13 EET 1970,3.278982919586205,4.634566039315949,Voice chatting with our customers seems a little too much to me...,voice chat customer seem little.
177,176,diana-wiki,Thu Jan 01 12:47:21 EET 1970,1.3928407482229554,0.21967100551277202,I agree,agree.
178,175,stefan-blog,Thu Jan 01 12:47:31 EET 1970,1.3820780175530887,0.10663021730128366,It is very useful but it is demanding,useful demand.
179,178,Mona-chat,Thu Jan 01 12:47:34 EET 1970,5.873795883452889,1.381353525841906,This means only one customer could receive help at a time,mean customer receive help time.
180,177,diana-wiki,Thu Jan 01 12:47:38 EET 1970,4.9793770414205145,14.172287002302005,I think we waste too much time,think waste time.
181,176,corina-forum,Thu Jan 01 12:47:40 EET 1970,1.596765149668202,0.49575043270848074, but we can record the chat and put it on the blog :),record chat put blog.
182,181,diana-wiki,Thu Jan 01 12:48:12 EET 1970,3.986981522390875,6.536437144490275,In this case why not using a classical chat?without voice,case use classical voice.
183,179,diana-wiki,Thu Jan 01 12:48:55 EET 1970,1.9565839106433445,2.0233502642510843,And we should have a lot of employees doing that,lot employee.
184,181,corina-forum,Thu Jan 01 12:49:02 EET 1970,6.036573177810262,10.31381166423171,True..... but maybe we can explain some problems better on the phone/with our voice :P,true. maybe explain problem good voice.
185,182,Mona-chat,Thu Jan 01 12:49:06 EET 1970,2.943263611609846,1.3793239706001694,Classical chat offers the possibility of “multitasking” ... if I may call it like that,classical chat offer possibility multitask call.
186,185,diana-wiki,Thu Jan 01 12:49:42 EET 1970,4.559478460945055,12.068653155678774,Exactly and even it is impersonal I consider it a good option,exactly impersonal consider good option.
187,185,Mona-chat,Thu Jan 01 12:49:46 EET 1970,6.98698416094318,15.071875080211157,One person can answer to more than one question at a time this way,person answer question time way.
188,185,corina-forum,Thu Jan 01 12:50:15 EET 1970,5.381591567460054,11.422383430708791,The problem is that we must save the chat and make a special achieve with all conversations ...,problem chat make special achieve conversation.
189,184,diana-wiki,Thu Jan 01 12:50:32 EET 1970,7.049767680240967,20.082386452410333,Not really I think people tend to get confused when they are told something than they would read it,really think people tend get confuse tell read.
190,188,corina-forum,Thu Jan 01 12:50:52 EET 1970,6.3413814962713015,18.837864462480795,So using the forum is better! A moderator can be online all the time,use forum good. moderator online time.
191,188,diana-wiki,Thu Jan 01 12:50:53 EET 1970,1.1833086699339102,2.223573822488065,Why is this a problem?,problem.
192,189,diana-wiki,Thu Jan 01 12:51:05 EET 1970,0.5166488173869427,0.0,We can post it afterwards,post.
193,190,Mona-chat,Thu Jan 01 12:51:32 EET 1970,3.398391859925063,7.221435030614527,As I said before forum is more efficient with solving problems,say forum efficient solve problem.
194,190,diana-wiki,Thu Jan 01 12:51:38 EET 1970,1.941986800421195,0.6950981124098625,Yes forum is a suitable option too,forum suitable option.
195,192,corina-forum,Thu Jan 01 12:51:42 EET 1970,4.177197554975181,4.740507940580625,Yes but on a forum we can make special topics and they are saved automatically,forum make special topic automatically.
196,195,diana-wiki,Thu Jan 01 12:52:34 EET 1970,8.325143608703343,32.34333322928981,Maybe some of the customers feel uncomfortable to post their problems on forums thinking they maybe to simple,maybe customer feel uncomfortable post problem forum think maybe simple.
197,195,cristi-wave,Thu Jan 01 12:52:35 EET 1970,1.669600269708995,1.8133701043155837,Yes ... in a forum topics are very well delimited .... it is very easy to read it,forum topic delimit. easy read.
198,196,Mona-chat,Thu Jan 01 12:53:13 EET 1970,3.794755102088772,1.6842524046085845,True.... there could be such customers.... and in this case the privacy of a chat is great!,true. customer. case privacy chat great.
199,196,corina-forum,Thu Jan 01 12:53:40 EET 1970,3.479024700404971,3.3209448083329223,True.maybe they want more details ink.so chat is perfect for them,want detail chat perfect.
200,196,cristi-wave,Thu Jan 01 12:53:49 EET 1970,2.4317231798936585,3.866173473493271,The only wrong question is the one not asked :),wrong question ask.
201,198,diana-wiki,Thu Jan 01 12:53:58 EET 1970,3.398360069072364,1.2819303305714056,Agree and we can post only parts of the conversation without the nicknames,agree post part conversation nickname.
202,200,corina-forum,Thu Jan 01 12:54:21 EET 1970,1.4401974335912624,0.4234104162724268,low.and on the Internet no one can see our face,internet see face.
203,200,diana-wiki,Thu Jan 01 12:54:39 EET 1970,2.7990308111614697,2.8790479766572417,Nicely said but not everybody agrees on that unfortunately,nicely say agree unfortunately.
204,200,Mona-chat,Thu Jan 01 12:54:42 EET 1970,3.5335994994486803,2.9766689364274193,True.... but there are people that don't like forums and before the privacy of a chat conversation,true. people forum privacy chat conversation.
205,204,stefan-blog,Thu Jan 01 12:55:17 EET 1970,1.784629970537667,0.5674963309833209,In forums members can send each one private messages,forum member send private message.
206,202,diana-wiki,Thu Jan 01 12:55:19 EET 1970,1.3651125137515832,0.3270662094256645,indeed but they may recognize you after you nickname when you post later,recognise nickname post late.
207,204,Mona-chat,Thu Jan 01 12:55:35 EET 1970,9.29877680779245,24.95861823966519, or they just need an answer right away and do not want to waste time searching for it on a forum,need answer right away want waste time search forum.
208,206,corina-forum,Thu Jan 01 12:55:47 EET 1970,4.299722433970094,0.6476685719737418,A private one is the best solution :p,private good solution.
209,205,diana-wiki,Thu Jan 01 12:55:52 EET 1970,3.965978089011514,5.518358445153114,But we need to make the dissections public to everyone,need make dissection public.
210,208,cristi-wave,Thu Jan 01 12:56:11 EET 1970,5.221843205485422,4.528318757450489,I think a chat room is suitable in this case,think chat room suitable case.
211,207,corina-forum,Thu Jan 01 12:56:24 EET 1970,2.570831929159956,2.8754632731257646,Yes so a chat room is OK in this case,chat room okay case.
212,,Mona-chat,Thu Jan 01 12:57:02 EET 1970,14.821852305010792,31.085752090584215,Customers are different... and their needs are different.... and this is why I think we should use both chat and forums. After all our customers' satisfaction is our priority and if some of them prefer chat we should offer the possibility to use it... and if they are forum fans we should also have a forum,customer different need different. think use chat forum. customer satisfaction priority prefer chat offer possibility use forum fan forum.
213,212,corina-forum,Thu Jan 01 12:58:28 EET 1970,1.3928407482229554,1.8358482641600395,I agree...,agree.
214,212,diana-wiki,Thu Jan 01 12:59:14 EET 1970,2.2745623707696425,1.138842206423503,Yes but this depends a lot on our budget,depend lot budget.
215,214,Mona-chat,Thu Jan 01 12:59:20 EET 1970,6.874697006834187,3.285322398348107,As we were saying in our previous chat all the technologies we are sustaining are different and each one of them is great for a specific type of thing...,say previous chat technology sustain different great specific type thing.
216,214,corina-forum,Thu Jan 01 12:59:47 EET 1970,5.576436622903185,5.554727057753861,Well we can use free servers for a while,good use free server.
217,214,Mona-chat,Thu Jan 01 01:00:05 EET 1970,2.4918457632538535,0.7465112608097106,I don't link having a forum or a chat system would be so expensive,link forum chat system expensive.
218,216,stefan-blog,Thu Jan 01 01:00:25 EET 1970,8.363262040223734,31.450634555670664,I don't think this is a good idea if we have private information,think good idea private information.
219,218,Mona-chat,Thu Jan 01 01:00:28 EET 1970,3.1877437871333902,3.1819948990598013,Let's say chat would be a little more time-consuming.,let say chat little.
220,219,cristi-wave,Thu Jan 01 01:01:10 EET 1970,3.02808799159826,2.4631049374937826,Is about human resources I think,human resource think.
221,219,diana-wiki,Thu Jan 01 01:01:18 EET 1970,3.652004427997099,7.011205434100499, and we would have to pay more people to take care of that,pay people take care.
222,221,cristi-wave,Thu Jan 01 01:01:30 EET 1970,0.0,0.0,Yes,.
223,221,cristi-wave,Thu Jan 01 01:01:49 EET 1970,0.012685088697241194,4.071905517028795E-4,Unless we a have a bot with some AI ;),bot ai.
224,221,Mona-chat,Thu Jan 01 01:01:53 EET 1970,9.575237227777967,15.919456563186479,But if having a special employee to take care of the chat is too much all the other employees could take turns in answering questions,special employee take care chat employee take turn answer question.
225,218,corina-forum,Thu Jan 01 01:01:54 EET 1970,3.8484968850936596,10.950609099666949,True.... or the developers can take care of the chat,true. developer take care chat.
226,221,diana-wiki,Thu Jan 01 01:01:57 EET 1970,11.130852071232768,54.03489110163545,And we should of course take care of their training. It should be updated constantly in order to provide the best answer in little time,course take care train. update constantly order provide good answer little time.
227,226,corina-forum,Thu Jan 01 01:02:28 EET 1970,4.70274744162693,24.89822533097166,I think no training is needed....,think train need.
228,225,Mona-chat,Thu Jan 01 01:03:04 EET 1970,2.7434046181032814,4.050929180273009,Having someone online all the time it's not a must... at least this is my opinion,online time opinion.
229,227,cristi-wave,Thu Jan 01 01:03:40 EET 1970,8.178890134126659,37.08470190034358,True.but none of the developers would want to answer some questions in a chat ... their job is to develop not client support,developer want answer question chat job develop client support.
230,228,diana-wiki,Thu Jan 01 01:03:48 EET 1970,3.9822262624501645,10.540542520157354, but we should try to give answers as soon as possible,try give answer soon possible.
231,228,corina-forum,Thu Jan 01 01:04:06 EET 1970,11.754474334960427,72.70402641133201,Yes! I also wanted to say they can take care also of the forum.after all they know the best answers at any question,. want say take care know good answer question.
232,229,diana-wiki,Thu Jan 01 01:04:13 EET 1970,0.2065354749011283,0.058234841924911226,So we should hire others for that,hire.
233,230,Mona-chat,Thu Jan 01 01:05:04 EET 1970,6.740830128494348,19.079998733264556,Yes... answers should be as quick as possible ... but I don't think all of them should be right away...,answer quick possible think right away.
234,233,cristi-wave,Thu Jan 01 01:05:35 EET 1970,5.696170245272323,21.3800620014175,Full time support means more money,full time support mean money.
235,234,Mona-chat,Thu Jan 01 01:05:54 EET 1970,1.1527253287216914,0.6834068724862463,More money spent?,money spend.
236,234,diana-wiki,Thu Jan 01 01:06:09 EET 1970,1.290193112496154,0.263465301814677,True,true.
237,,cristi-wave,Thu Jan 01 01:06:32 EET 1970,5.72250008520641,15.893809662912041,More money for the company ... this kind of support is more expensive . For the client I mean,money company kind support expensive. client mean.
238,237,corina-forum,Thu Jan 01 01:07:17 EET 1970,3.924633919028009,5.247882619837489,True! A satisfied client always come back,true. satisfy client always come back.
239,237,Mona-chat,Thu Jan 01 01:07:19 EET 1970,7.392512394838831,38.811816782244705,I suggest making an experiment and trying both options: full time support and the second one,suggest make experiment try option full time support.
240,237,diana-wiki,Thu Jan 01 01:07:20 EET 1970,2.5967202193716776,5.397192069237199,But it also involves more money spent for the company,involve money spend company.
241,239,Mona-chat,Thu Jan 01 01:08:14 EET 1970,7.163051838797972,31.58088015893936,If full time support turns out to bring us more profit why not continue to use it?,full time support turn bring profit continue use.
242,241,diana-wiki,Thu Jan 01 01:08:24 EET 1970,4.314486472945172,8.90098491548362,Good idea,good idea.
243,241,stefan-blog,Thu Jan 01 01:08:36 EET 1970,2.6668860435746042,1.2164446403900717,Depends on our clients target market,depend client target market.
244,243,diana-wiki,Thu Jan 01 01:08:49 EET 1970,1.562742672432398,1.992423262433858,What do you mean?,mean.
245,,stefan-blog,Thu Jan 01 01:09:04 EET 1970,3.4750857375673094,8.582878994640298,if it is a product that you change easily we should have full support,product change easily full support.
246,243,Mona-chat,Thu Jan 01 01:09:30 EET 1970,20.117738542695527,134.26699762851683,We have to try to get to know our clients better and see which option is better ... both for them and for us. After all a satisfied customer means a step forward for our company. Another important issue for our company is the communication between employees. And I think chat would be great for that,try get know client good see option good. satisfy customer mean step forward company. important issue company communication employee. think chat great.
247,246,corina-forum,Thu Jan 01 01:12:06 EET 1970,5.6073108801419576,15.515969687438016,I agree.chat is OK but only when they are at work.in their free time they can use the forum,okay free time use forum.
248,246,diana-wiki,Thu Jan 01 01:12:28 EET 1970,4.357255098251617,9.337386612894361,I think it depends on what they are discussing,think depend discuss.
249,246,Mona-chat,Thu Jan 01 01:12:34 EET 1970,6.685384305707684,23.32478110017697,And by communication I mean notifications quick questions and answers file sharing...,communication mean notification quick question answer file share.
250,,diana-wiki,Thu Jan 01 01:12:42 EET 1970,0.0,0.0,About,.
251,,stefan-blog,Thu Jan 01 01:13:03 EET 1970,0.0,0.0,Can be done by wiki,wiki.
252,251,Mona-chat,Thu Jan 01 01:13:33 EET 1970,2.8664263832581462,0.0,Or a SVN... this would really be useful. But this is not our concern right now...,really useful. concern right.
253,252,cristi-wave,Thu Jan 01 01:14:30 EET 1970,7.934114320013858,30.734215196647867,Any sharing file system I think is OK ... if it is synchronized is better,share file system think okay synchronize good.
254,252,diana-wiki,Thu Jan 01 01:14:51 EET 1970,5.78403351502028,9.13048954293567,True it would be really useful if they have to share source code,true really useful share source code.
255,254,Mona-chat,Thu Jan 01 01:15:09 EET 1970,1.6150949016890184,0.4677409550610411,Totally agree,totally agree.
256,,stefan-blog,Thu Jan 01 01:15:13 EET 1970,3.6385197483607747,7.407971431199197,SVN is the best solution,good solution.
257,254,corina-forum,Thu Jan 01 01:15:43 EET 1970,2.6385971567092423,2.005655003479123,We can't share source code so easily,share source code easily.
258,256,diana-wiki,Thu Jan 01 01:15:47 EET 1970,7.19325548665479,23.546972613750025,But if we'd had to choose between the 5 I think chat is the best solution,choose think chat good solution.
259,257,diana-wiki,Thu Jan 01 01:15:57 EET 1970,1.0949817911453539,0.3217758749013359,Why not?. It's inside of the company,. company.
260,258,corina-forum,Thu Jan 01 01:16:59 EET 1970,0.661202685609319,0.06529024272158876,Well its something private...,private.
261,,diana-wiki,Thu Jan 01 01:17:37 EET 1970,4.0278218090411135,5.4445265676885315,But in big projects its vital to share source code,big project vital share source code.
262,260,stefan-blog,Thu Jan 01 01:17:38 EET 1970,1.5711240338428063,1.6680316003582405,Inside a company you have confidential agreement,company confidential agreement.
263,262,corina-forum,Thu Jan 01 01:18:13 EET 1970,0.5114696643851996,0.005816665850508862,OK then!,okay.
264,261,diana-wiki,Thu Jan 01 01:18:34 EET 1970,2.531553800516434,0.0,The project is developed by many programmers and there is also a testing stage too,project develop programmer test stage.
265,262,cristi-wave,Thu Jan 01 01:18:56 EET 1970,0.0,0.0,Yes...a NDA,nda.
266,,corina-forum,Thu Jan 01 01:19:35 EET 1970,0.2793482674731984,0.0,Do we cover everything?,cover.
267,,diana-wiki,Thu Jan 01 01:19:51 EET 1970,2.5609607455924928,1.7741737041226107,I think so,think.
268,266,Mona-chat,Thu Jan 01 01:19:55 EET 1970,2.189283377655702,1.8425053121556698,Let's see....,let see.
269,266,diana-wiki,Thu Jan 01 01:20:01 EET 1970,0.28341442604387573,0.09974364851424186,At left most of it,leave.
270,268,Mona-chat,Thu Jan 01 01:20:12 EET 1970,2.4004253061983443,0.0,We talked about meetings. Advertising our products,talk meeting. advertise product.
271,,corina-forum,Thu Jan 01 01:20:27 EET 1970,5.053657105651042,1.9063749557176368,So for board meeting we should use wave because of the video chat,board meet use wave video chat.
272,270,diana-wiki,Thu Jan 01 01:20:43 EET 1970,1.7581173504659566,0.47150480180330995,Offer support,offer support.
273,270,Mona-chat,Thu Jan 01 01:20:44 EET 1970,2.0799654950210233,0.0,Staying in touch with our clients,stay touch client.
274,270,corina-forum,Thu Jan 01 01:20:50 EET 1970,4.299992493684851,9.724372851147594,Yes! And for advertising the blog is the best solution,. advertise blog good solution.
275,274,cristi-wave,Thu Jan 01 01:21:01 EET 1970,1.3928407482229554,1.4857841133073628,I agree,agree.
276,273,diana-wiki,Thu Jan 01 01:21:03 EET 1970,1.8503992781998342,1.9034475825635444,And communication in the company,communication company.
277,273,corina-forum,Thu Jan 01 01:21:22 EET 1970,1.763201387638651,0.4827808461093276,Yes.forum and chat in this case,chat case.
278,277,cristi-wave,Thu Jan 01 01:22:03 EET 1970,1.7601460325082452,1.3668693144763577,And probably wave...if we include brainstorming,probably wave include brainstorm.
279,274,Mona-chat,Thu Jan 01 01:22:09 EET 1970,8.163726244575567,8.865531500750654,Another thing regarding blog... I think a blog could also be great for customers to “see” the atmosphere in the company,thing blog think blog great customer see atmosphere company.
280,,corina-forum,Thu Jan 01 01:22:12 EET 1970,9.456390536119175,9.63065740249187,We also discussed about the page of the project where we can put different stages on.and in this case wiki it would be a good solution,discuss page project put different stage case wiki good solution.
281,279,corina-forum,Thu Jan 01 01:22:56 EET 1970,1.562742672432398,1.5060025129230818,What do you mean?,mean.
282,281,Mona-chat,Thu Jan 01 01:23:13 EET 1970,5.993763171596783,8.4338764057479,The image of the company is very important and the relations between employees are a great part of it,image company important relation employee great part.
283,282,corina-forum,Thu Jan 01 01:24:34 EET 1970,4.032698045170645,8.763259182577526,I think they are more interested in the product .just saying,think interest product. say.
284,282,diana-wiki,Thu Jan 01 01:25:16 EET 1970,4.967689450800796,10.939502469203562,Agree sometimes a bad image can influence a company's sales a lot,agree wrong image influence company sale lot.
285,283,Mona-chat,Thu Jan 01 01:25:39 EET 1970,4.2634146891725,1.330395410907662,True.... but relationships between employees are also important. We could have an “inside blog”... available only for our employees,true. relationship employee important. blog available employee.
286,285,corina-forum,Thu Jan 01 01:26:57 EET 1970,1.8187387415633318,0.3832694566459217,It would be nice.... yeah for curious clients,nice. yes curious client.
287,285,Mona-chat,Thu Jan 01 01:27:02 EET 1970,6.131862061414967,10.149284026510845,There they could share experiences talk about team building activities.... there are also very important for a series company. They *,share experience talk team build activity. important series company. .
288,287,corina-forum,Thu Jan 01 01:27:59 EET 1970,2.9582004653505334,1.090700971125135,True.so in this case we should use a blog. Did we miss something?,case use blog. miss.
289,288,stefan-blog,Thu Jan 01 01:28:20 EET 1970,2.5609607455924928,5.010209598089104,I don't think so,think.
290,287,Mona-chat,Thu Jan 01 01:28:23 EET 1970,2.7614191304527007,0.0,It's important to have a real team,important real team.
291,289,Mona-chat,Thu Jan 01 01:28:38 EET 1970,3.9675202565171457,6.724703113408924,I think most of the activities are covered. So... this is it...,think activity cover. .
292,291,diana-wiki,Thu Jan 01 01:29:43 EET 1970,8.848983043668326,29.778424545133213,Yes we talked about most of them and even if we did not reach a conclusion every time we did a really good job,talk reach conclusion time really good job.
293,292,Mona-chat,Thu Jan 01 01:30:16 EET 1970,5.062130951128637,10.782511740110063,We must use all the technologies in order to be a successful company,use technology order successful company.
294,293,diana-wiki,Thu Jan 01 01:30:42 EET 1970,3.884193724954132,1.4872372381627172,True and we also need to find the perfect balance between them,true need perfect balance.
295,294,Mona-chat,Thu Jan 01 01:30:46 EET 1970,5.221867460574643,4.794206087501332,And most important of all me must know when to use each of them,important know use.
296,293,corina-forum,Thu Jan 01 01:31:04 EET 1970,1.3690572859216856,0.3253492331976873,True! So once again we have the same conclusion!,true. conclusion.
297,296,Mona-chat,Thu Jan 01 01:31:17 EET 1970,5.511341072220876,11.305670516019518,Yes!. So good job team! ;) It was really nice talking to you,. good job team. really nice talk.
298,,corina-forum,Thu Jan 01 01:32:07 EET 1970,1.247698914696202,0.5170320516527432,Okay then! We stop here for tonight! Nice chat! :),. stop tonight. nice chat. .
299,,Mona-chat,Thu Jan 01 01:32:25 EET 1970,3.268580082839397,4.752710292903018,Good night all!,good night.
300,,cristi-wave,Thu Jan 01 01:32:27 EET 1970,3.268580082839397,8.817808752016193,Good night to everyone,good night.
301,,diana-wiki,Thu Jan 01 01:32:28 EET 1970,3.780049747224597,9.386513674925427,OK...good night then :),okay good night.
302,300,stefan-blog,Thu Jan 01 01:32:32 EET 1970,3.268580082839397,13.579284266687244,Good night,good night.
303,,corina-forum,Thu Jan 01 01:32:44 EET 1970,3.268580082839397,16.847864349526642,Good night!,good night.